antecedent,consequent,support,confidence,lift,count
specialty chocolate,citrus fruit,0.001403461872619127,0.08786610878661087,1.6537617431120233,21
flour,tropical fruit,0.0010693042839002875,0.1095890410958904,1.6171408500175624,16
beverages,sausage,0.0015371249081066632,0.09274193548387097,1.536763655199514,23
napkins,pastry,0.0017376194613379669,0.07854984894259819,1.5185289272972826,26
processed cheese,root vegetables,0.0010693042839002875,0.10526315789473684,1.5130188583851558,16
hard cheese,pip fruit,0.0010693042839002875,0.07272727272727272,1.4825860787713647,16
soft cheese,yogurt,0.0012697988371315912,0.12666666666666668,1.474952010376135,19
curd,sausage,0.0029405867807257902,0.0873015873015873,1.4466153386419165,44
detergent,yogurt,0.0010693042839002875,0.12403100775193798,1.4442614544686756,16
sugar,bottled water,0.0014702933903628951,0.0830188679245283,1.368074141800349,22
white bread,canned beer,0.0015371249081066632,0.06406685236768803,1.3655730939853503,23
canned beer,brown bread,0.0024059346387756467,0.05128205128205128,1.3629366489046775,36
brown bread,canned beer,0.0024059346387756467,0.06394316163410302,1.3629366489046773,36
chewing gum,yogurt,0.001403461872619127,0.11666666666666667,1.358508430609598,21
sliced cheese,sausage,0.0011361358016440553,0.08095238095238096,1.34140695037705,17
processed cheese,rolls/buns,0.0014702933903628951,0.14473684210526316,1.315733516659206,22
candy,citrus fruit,0.0010024727661565194,0.06976744186046512,1.3131197893813076,15
packaged fruit/vegetables,rolls/buns,0.0012029673193878234,0.14173228346456693,1.2884205087972753,18
seasonal products,rolls/buns,0.0010024727661565194,0.14150943396226415,1.2863946903872165,15
frozen meals,sausage,0.0012697988371315912,0.07569721115537849,1.2543270991339184,19
herbs,yogurt,0.0011361358016440553,0.10759493670886076,1.2528739595133724,17
cat food,tropical fruit,0.0010024727661565194,0.0847457627118644,1.2505432420686657,15
oil,soda,0.001804450979081735,0.1210762331838565,1.2468435492980352,27
specialty chocolate,tropical fruit,0.0013366303548753592,0.08368200836820083,1.2348460465615279,20
sliced cheese,root vegetables,0.0012029673193878234,0.08571428571428572,1.2320296418279126,18
grapes,sausage,0.0010693042839002875,0.07407407407407407,1.2274311964234443,16
frozen vegetables,sausage,0.0020717770500568067,0.07398568019093078,1.2259664813919129,31
bottled beer,sausage,0.003341575887188398,0.07374631268436578,1.2220000849348451,50
sausage,bottled beer,0.003341575887188398,0.05537098560354374,1.2220000849348451,50
onions,whipped/sour cream,0.0010693042839002875,0.052805280528052806,1.208142832631887,16
butter milk,shopping bags,0.0010024727661565194,0.057034220532319393,1.1985997778442348,15
napkins,citrus fruit,0.001403461872619127,0.0634441087613293,1.1941059111896482,21
beverages,soda,0.001871282496825503,0.11290322580645161,1.1626778855760052,28
red/blush wine,rolls/buns,0.0013366303548753592,0.12738853503184713,1.158028341240297,20
chocolate,pip fruit,0.0013366303548753592,0.056657223796033995,1.1549891548502134,20
meat,root vegetables,0.0013366303548753592,0.07936507936507936,1.1407681868776969,20
salty snack,canned beer,0.0010024727661565194,0.05338078291814947,1.137801502570186,15
misc. beverages,sausage,0.0010693042839002875,0.06779661016949153,1.1234116035062034,16
frankfurter,other vegetables,0.005146026866270133,0.13628318584070798,1.1161495948191098,77
semi-finished bread,whole milk,0.001670787943594199,0.176056338028169,1.1148247930239072,25
sausage,yogurt,0.005747510525964045,0.09523809523809523,1.1089864739670185,86
yogurt,sausage,0.005747510525964045,0.0669260700389105,1.1089864739670185,86
frozen vegetables,bottled beer,0.001403461872619127,0.050119331742243436,1.1060996472849387,21
frozen vegetables,root vegetables,0.002138608567800575,0.07637231503579953,1.0977511526231203,32
chocolate,rolls/buns,0.002806923745238254,0.11898016997167139,1.0815919096513482,42
frozen vegetables,citrus fruit,0.001603956425850431,0.057279236276849645,1.0780744810194984,24
dessert,shopping bags,0.0012029673193878234,0.05099150141643059,1.0716093197950154,18
cream cheese ,shopping bags,0.0012029673193878234,0.05084745762711865,1.068582174823843,18
grapes,root vegetables,0.0010693042839002875,0.07407407407407407,1.0647169744191838,16
beverages,bottled water,0.0010693042839002875,0.06451612903225806,1.0631661219269575,16
berries,pip fruit,0.0011361358016440553,0.05214723926380368,1.063050600959529,17
UHT-milk,tropical fruit,0.0015371249081066632,0.071875,1.0606169871794873,23
detergent,rolls/buns,0.0010024727661565194,0.11627906976744186,1.0570374975274803,15
hygiene articles,root vegetables,0.0010024727661565194,0.07317073170731707,1.0517326210726083,15
pot plants,other vegetables,0.0010024727661565194,0.1282051282051282,1.0499908775770843,15
frozen meals,other vegetables,0.002138608567800575,0.12749003984063745,1.0441343547539452,32
ice cream,rolls/buns,0.0017376194613379669,0.1145374449339207,1.041205217828831,26
meat,other vegetables,0.002138608567800575,0.12698412698412698,1.0399909644573027,32
waffles,root vegetables,0.0013366303548753592,0.07220216606498195,1.0378107692894571,20
butter,citrus fruit,0.0019381140145692708,0.05502846299810247,1.035711813635984,29
hard cheese,rolls/buns,0.001670787943594199,0.11363636363636363,1.0330139180382194,25
dessert,sausage,0.0014702933903628951,0.06232294617563739,1.0327112332514532,22
detergent,whole milk,0.001403461872619127,0.16279069767441862,1.030824041177455,21
brown bread,pastry,0.002004945532313039,0.05328596802841918,1.0301265369628374,30
pastry,sausage,0.003207912851700862,0.06201550387596899,1.0276168156103256,48
sausage,pastry,0.003207912851700862,0.053156146179401995,1.0276168156103256,48
sausage,soda,0.005948005079195348,0.09856035437430787,1.0149749363405152,89
soda,sausage,0.005948005079195348,0.06125258086717137,1.0149749363405152,89
ham,whole milk,0.0027400922274944863,0.16015625,1.0141421789039358,41
citrus fruit,yogurt,0.004611374724319989,0.08679245283018867,1.0106423904265471,69
yogurt,citrus fruit,0.004611374724319989,0.053696498054474705,1.0106423904265471,69
shopping bags,root vegetables,0.003341575887188398,0.0702247191011236,1.0093875810856026,50
hard cheese,yogurt,0.0012697988371315912,0.08636363636363636,1.0056490979837283,19
berries,other vegetables,0.0026732607097507185,0.12269938650306748,1.0048992447977005,40
specialty bar,yogurt,0.0012029673193878234,0.0861244019138756,1.0028633664103663,18
salty snack,sausage,0.0011361358016440553,0.060498220640569395,1.0024749451216388,17
grapes,soda,0.001403461872619127,0.09722222222222222,1.0011948459126712,21
beef,citrus fruit,0.001804450979081735,0.0531496062992126,1.000349130886941,27
fruit/vegetable juice,rolls/buns,0.003742564993651006,0.1100196463654224,1.0001360683874942,56
bottled beer,whole milk,0.007150972398583172,0.15781710914454278,0.9993302598941151,107
newspapers,pastry,0.002004945532313039,0.05154639175257732,0.9964969764777964,30
frozen fish,whole milk,0.0010693042839002875,0.1568627450980392,0.9932870312746344,16
oil,other vegetables,0.001804450979081735,0.1210762331838565,0.9916057346086726,27
long life bakery product,sausage,0.0010693042839002875,0.05970149253731343,0.9892729045800895,16
chocolate,sausage,0.001403461872619127,0.059490084985835696,0.9857698135582055,21
soft cheese,other vegetables,0.0012029673193878234,0.12,0.982791461412151,18
chocolate,bottled water,0.001403461872619127,0.059490084985835696,0.9803415656861889,21
hard cheese,root vegetables,0.0010024727661565194,0.06818181818181818,0.9800235787267486,15
ham,tropical fruit,0.0011361358016440553,0.06640625,0.9799178685897437,17
specialty bar,other vegetables,0.001670787943594199,0.11961722488038277,0.9796565604188109,25
candy,yogurt,0.0012029673193878234,0.08372093023255814,0.974876481766356,18
cream cheese ,root vegetables,0.001603956425850431,0.06779661016949153,0.9744867223497614,24
white bread,sausage,0.001403461872619127,0.0584958217270195,0.9692945520502688,21
pork,yogurt,0.0030742498162133263,0.08288288288288288,0.9651179584253514,46
margarine,sausage,0.001871282496825503,0.058091286307053944,0.9625912702241951,28
frankfurter,bottled water,0.002205440085544343,0.0584070796460177,0.9624946395852013,33
canned beer,yogurt,0.0038762280291385416,0.08262108262108261,0.9620694624585674,58
salty snack,other vegetables,0.002205440085544343,0.11743772241992882,0.9618065903499698,33
shopping bags,soda,0.004410880171088686,0.09269662921348315,0.9545902704207492,66
salty snack,yogurt,0.0015371249081066632,0.08185053380782918,0.9530969162385587,23
domestic eggs,bottled water,0.002138608567800575,0.05765765765765766,0.9501448585149026,32
onions,root vegetables,0.0013366303548753592,0.066006600660066,0.9487576999774904,20
curd,bottled water,0.0019381140145692708,0.057539682539682536,0.9482007377106495,29
frozen meals,soda,0.0015371249081066632,0.09163346613545817,0.9436418126530356,23
candy,whole milk,0.002138608567800575,0.14883720930232558,0.9424676947908158,32
sausage,whole milk,0.008955423377664907,0.14839424141749724,0.9396627314134623,134
whole milk,sausage,0.008955423377664907,0.05670757511637749,0.9396627314134621,134
newspapers,root vegetables,0.0025395976742631824,0.06529209621993128,0.9384876424004146,38
salty snack,rolls/buns,0.0019381140145692708,0.10320284697508897,0.938167800296632,29
misc. beverages,yogurt,0.0012697988371315912,0.08050847457627118,0.9374694981204247,19
chicken,rolls/buns,0.0028737552629820224,0.10311750599520383,0.9373920062006288,43
specialty bar,soda,0.0012697988371315912,0.09090909090909091,0.9361821935806796,19
hard cheese,other vegetables,0.001670787943594199,0.11363636363636363,0.9306737323978703,25
candy,rolls/buns,0.0014702933903628951,0.10232558139534884,0.9301929978241826,22
frozen meals,yogurt,0.0013366303548753592,0.0796812749003984,0.9278372889763902,20
fruit/vegetable juice,tropical fruit,0.002138608567800575,0.06286836935166994,0.9277114503047705,32
bottled beer,bottled water,0.0025395976742631824,0.05604719764011799,0.9236059672787286,38
onions,whole milk,0.0029405867807257902,0.14521452145214522,0.9195280933086962,44
frozen vegetables,other vegetables,0.003141081333957094,0.11217183770883055,0.9186793692595684,47
butter,soda,0.003141081333957094,0.08918406072106262,0.9184178255810462,47
processed cheese,whole milk,0.0014702933903628951,0.14473684210526316,0.916503329843865,22
pip fruit,rolls/buns,0.004945532313038829,0.1008174386920981,0.9164831926791397,74
pastry,bottled water,0.0028737552629820224,0.05555555555555555,0.9155041605482134,43
napkins,yogurt,0.0017376194613379669,0.07854984894259819,0.914662560099686,26
newspapers,whole milk,0.005613847490476508,0.14432989690721648,0.9139264694975372,84
misc. beverages,root vegetables,0.0010024727661565194,0.0635593220338983,0.9135813022029012,15
butter,sausage,0.0019381140145692708,0.05502846299810247,0.9118393043639061,29
coffee,root vegetables,0.002004945532313039,0.06342494714587738,0.9116498406760453,30
candy,soda,0.0012697988371315912,0.08837209302325581,0.9100561788761025,19
grapes,other vegetables,0.001603956425850431,0.1111111111111111,0.9099920939001398,24
soft cheese,rolls/buns,0.0010024727661565194,0.1,0.9090522478736331,15
shopping bags,rolls/buns,0.004745037759807526,0.0997191011235955,0.9064987303234262,71
waffles,tropical fruit,0.0011361358016440553,0.061371841155234655,0.9056280662778858,17
specialty chocolate,soda,0.001403461872619127,0.08786610878661087,0.9048455511177279,21
hamburger meat,tropical fruit,0.0013366303548753592,0.06116207951070336,0.9025327373951227,20
domestic eggs,whole milk,0.005279689901757669,0.14234234234234233,0.901340866893131,79
tropical fruit,yogurt,0.005212858384013901,0.07692307692307693,0.8957198443579767,78
yogurt,tropical fruit,0.005212858384013901,0.060700389105058365,0.8957198443579767,78
cat food,whole milk,0.001670787943594199,0.14124293785310735,0.8943792124824568,25
waffles,whole milk,0.0026064291920069507,0.1407942238267148,0.8915378633597688,39
hamburger meat,whole milk,0.0030742498162133263,0.14067278287461774,0.890768874377023,46
hamburger meat,yogurt,0.001670787943594199,0.0764525993883792,0.8902414355239828,25
white bread,other vegetables,0.0026064291920069507,0.10863509749303621,0.8897137185486047,39
frozen vegetables,rolls/buns,0.0027400922274944863,0.09785202863961814,0.8895260659384,41
hygiene articles,rolls/buns,0.0013366303548753592,0.0975609756097561,0.8868802418279348,20
red/blush wine,other vegetables,0.0011361358016440553,0.10828025477707007,0.8868075819536395,17
frankfurter,whole milk,0.005279689901757669,0.13982300884955753,0.8853879311959075,79
frankfurter,rolls/buns,0.0036757334759072377,0.09734513274336283,0.8849181173991119,55
sugar,whole milk,0.0024727661565194146,0.13962264150943396,0.8841191641581297,37
long life bakery product,tropical fruit,0.0010693042839002875,0.05970149253731343,0.8809797168006124,16
UHT-milk,sausage,0.0011361358016440553,0.053125,0.8802983111849391,17
chewing gum,whole milk,0.001670787943594199,0.1388888888888889,0.8794728922744158,25
fruit/vegetable juice,sausage,0.001804450979081735,0.05304518664047151,0.8789757781853546,27
chocolate,tropical fruit,0.001403461872619127,0.059490084985835696,0.8778601002397037,21
onions,tropical fruit,0.0012029673193878234,0.0594059405940594,0.8766184310738766,18
bottled beer,yogurt,0.003408407404932166,0.0752212389380531,0.8759030336420923,51
cream cheese ,tropical fruit,0.001403461872619127,0.059322033898305086,0.8753802694480661,21
canned beer,sausage,0.0024727661565194146,0.05270655270655271,0.8733645051474509,37
beef,whole milk,0.004678206242063757,0.1377952755905512,0.8725479088706803,70
white bread,bottled water,0.0012697988371315912,0.052924791086350974,0.8721515958425877,19
pork,other vegetables,0.00394305954688231,0.1063063063063063,0.8706410844341879,59
flour,whole milk,0.0013366303548753592,0.136986301369863,0.8674253184076429,20
shopping bags,yogurt,0.003542070440419702,0.07443820224719101,0.8667850741048397,53
semi-finished bread,other vegetables,0.0010024727661565194,0.1056338028169014,0.8651333287078794,15
margarine,root vegetables,0.0019381140145692708,0.06016597510373444,0.864806422168279,29
ham,yogurt,0.0012697988371315912,0.07421875,0.8642296935797665,19
frozen vegetables,yogurt,0.0020717770500568067,0.07398568019093078,0.8615157452894142,31
frozen vegetables,whole milk,0.003809396511394774,0.1360381861575179,0.8614216586859672,57
bottled water,tropical fruit,0.003542070440419702,0.05837004405286344,0.8613323167287926,53
tropical fruit,bottled water,0.003542070440419702,0.05226824457593689,0.8613323167287925,53
curd,other vegetables,0.003542070440419702,0.10515873015873016,0.8612425174412038,53
newspapers,yogurt,0.0028737552629820224,0.07388316151202749,0.8603219810929708,43
berries,tropical fruit,0.0012697988371315912,0.05828220858895705,0.8600361805883279,19
beverages,other vegetables,0.0017376194613379669,0.10483870967741936,0.8586215724702932,26
curd,soda,0.002806923745238254,0.08333333333333333,0.8581670107822895,42
chewing gum,soda,0.0010024727661565194,0.08333333333333333,0.8581670107822895,15
sausage,bottled water,0.003141081333957094,0.05204872646733112,0.8577148613773959,47
bottled water,sausage,0.003141081333957094,0.051762114537444934,0.8577148613773959,47
specialty chocolate,other vegetables,0.001670787943594199,0.10460251046025104,0.8566871176884162,25
pip fruit,yogurt,0.00360890195816347,0.07356948228882834,0.8566693879282011,54
pork,whole milk,0.005012363830782597,0.13513513513513514,0.8557033546453776,75
pip fruit,whole milk,0.006616320256633028,0.13487738419618528,0.8540712229062719,99
citrus fruit,whole milk,0.007150972398583172,0.13459119496855346,0.8522590140983773,107
shopping bags,other vegetables,0.004945532313038829,0.10393258426966293,0.8512004698560297,74
domestic eggs,tropical fruit,0.002138608567800575,0.05765765765765766,0.8508200508200509,32
long life bakery product,whole milk,0.0024059346387756467,0.13432835820895522,0.850594677901226,36
grapes,whole milk,0.0019381140145692708,0.13425925925925927,0.8501571291986021,29
shopping bags,tropical fruit,0.0027400922274944863,0.05758426966292135,0.8497371074618266,41
margarine,rolls/buns,0.003007418298469558,0.09336099585062241,0.8487002314172923,45
long life bakery product,rolls/buns,0.001670787943594199,0.09328358208955224,0.8479964998821204,25
napkins,tropical fruit,0.0012697988371315912,0.05740181268882175,0.8470446974978698,19
bottled beer,other vegetables,0.004678206242063757,0.10324483775811209,0.8455678748629618,70
shopping bags,whole milk,0.006348994185657956,0.13342696629213482,0.8448868796568826,95
butter,bottled water,0.001804450979081735,0.051233396584440226,0.8442789791772898,27
cream cheese ,sausage,0.0012029673193878234,0.05084745762711865,0.8425587026296526,18
butter milk,tropical fruit,0.0010024727661565194,0.057034220532319393,0.8416203568294824,15
butter milk,yogurt,0.0012697988371315912,0.07224334600760456,0.8412273823438031,19
butter,whole milk,0.004678206242063757,0.13282732447817835,0.84108982486965,70
frankfurter,root vegetables,0.002205440085544343,0.0584070796460177,0.8395246231924715,33
hygiene articles,other vegetables,0.001403461872619127,0.1024390243902439,0.8389683207176899,21
frankfurter,soda,0.0030742498162133263,0.08141592920353982,0.8384215751359714,46
pasta,whole milk,0.0010693042839002875,0.1322314049586777,0.8373163404133281,16
oil,yogurt,0.0010693042839002875,0.07174887892376682,0.8354696306119244,16
pork,rolls/buns,0.003408407404932166,0.0918918918918919,0.8353453088568521,51
domestic eggs,rolls/buns,0.003408407404932166,0.0918918918918919,0.8353453088568521,51
sugar,tropical fruit,0.0010024727661565194,0.05660377358490566,0.835268505079826,15
hamburger meat,root vegetables,0.0012697988371315912,0.0581039755351682,0.8351679019526626,19
pork,soda,0.003007418298469558,0.08108108108108109,0.8349733077881737,45
whipped/sour cream,tropical fruit,0.0024727661565194146,0.05657492354740061,0.8348427820904886,37
sliced cheese,soda,0.0011361358016440553,0.08095238095238096,0.8336479533313671,17
margarine,soda,0.0026064291920069507,0.08091286307053942,0.8332409980209783,39
meat,whole milk,0.002205440085544343,0.13095238095238096,0.8292172984301636,33
white bread,whole milk,0.003141081333957094,0.1309192200557103,0.829007316840285,47
pip fruit,soda,0.00394305954688231,0.08038147138964577,0.8277687242968134,59
yogurt,rolls/buns,0.007819287576020852,0.09105058365758754,0.8276973774413624,117
rolls/buns,yogurt,0.007819287576020852,0.07108140947752126,0.8276973774413623,117
bottled beer,tropical fruit,0.0025395976742631824,0.05604719764011799,0.82705544209969,38
hamburger meat,other vegetables,0.002205440085544343,0.10091743119266056,0.8265065806982922,33
pip fruit,other vegetables,0.004945532313038829,0.1008174386920981,0.8256876492336419,74
UHT-milk,bottled water,0.0010693042839002875,0.05,0.8239537444933921,16
oil,whole milk,0.0019381140145692708,0.13004484304932734,0.8234705825421436,29
bottled water,root vegetables,0.0034752389226759338,0.05726872246696035,0.8231622423372985,52
yogurt,whole milk,0.011160863463209249,0.12996108949416343,0.8229402378760761,167
whole milk,yogurt,0.011160863463209249,0.07067287346593314,0.8229402378760758,167
tropical fruit,soda,0.005413352937245205,0.07988165680473373,0.822621631637461,81
soda,tropical fruit,0.005413352937245205,0.055746730901582935,0.822621631637461,81
butter milk,soda,0.001403461872619127,0.07984790874524715,0.8222740939815094,21
cat food,rolls/buns,0.0010693042839002875,0.0903954802259887,0.8217421449705158,16
fruit/vegetable juice,whole milk,0.004410880171088686,0.12966601178781925,0.8210717454003976,66
curd,tropical fruit,0.001871282496825503,0.05555555555555555,0.8198005698005698,28
butter milk,root vegetables,0.0010024727661565194,0.057034220532319393,0.8197915867676225,15
UHT-milk,other vegetables,0.002138608567800575,0.1,0.818992884510126,32
sliced cheese,other vegetables,0.001403461872619127,0.1,0.818992884510126,21
salty snack,root vegetables,0.0010693042839002875,0.05693950177935943,0.8184301298026465,16
butter,root vegetables,0.002004945532313039,0.056925996204933584,0.8182360050090501,30
soda,other vegetables,0.009690570072846355,0.09979353062629043,0.8173019150307519,145
other vegetables,soda,0.009690570072846355,0.07936507936507936,0.8173019150307519,145
bottled water,soda,0.0048118692775512934,0.07929515418502203,0.8165818252377735,72
ice cream,soda,0.0012029673193878234,0.07929515418502203,0.8165818252377735,18
sausage,other vegetables,0.006014836596939116,0.09966777408637874,0.816271977917069,90
rolls/buns,tropical fruit,0.006081668114682885,0.05528554070473876,0.8158161198865939,91
tropical fruit,rolls/buns,0.006081668114682885,0.08974358974358974,0.8158161198865937,91
canned beer,rolls/buns,0.004210385617857381,0.08974358974358974,0.8158161198865937,63
margarine,other vegetables,0.003207912851700862,0.0995850622406639,0.8155945737860174,48
oil,rolls/buns,0.0013366303548753592,0.08968609865470852,0.8152934958507919,20
whipped/sour cream,root vegetables,0.0024727661565194146,0.05657492354740061,0.8131897992696977,37
pastry,yogurt,0.00360890195816347,0.06976744186046512,0.81239706813863,54
canned beer,whole milk,0.006014836596939116,0.1282051282051282,0.8118211313302299,90
pot plants,whole milk,0.0010024727661565194,0.1282051282051282,0.8118211313302299,15
pastry,soda,0.0040767225823698456,0.07881136950904392,0.8115998086468165,61
white bread,rolls/buns,0.002138608567800575,0.08913649025069638,0.8102972682996172,32
ice cream,whole milk,0.0019381140145692708,0.1277533039647577,0.808960087695586,29
brown bread,rolls/buns,0.003341575887188398,0.08880994671403197,0.8073288169392834,50
hamburger meat,rolls/buns,0.0019381140145692708,0.08868501529051988,0.8061931250255462,29
hard cheese,whole milk,0.001871282496825503,0.12727272727272726,0.8059169776478282,28
coffee,soda,0.0024727661565194146,0.07822410147991543,0.805552120057794,37
sausage,rolls/buns,0.005346521419501437,0.08859357696567,0.8053619028780803,80
bottled beer,rolls/buns,0.004009891064626078,0.08849557522123894,0.8044710158173743,60
rolls/buns,whole milk,0.013967787208447505,0.12697448359659783,0.8040284376030019,209
whole milk,rolls/buns,0.013967787208447505,0.08844688954718578,0.8040284376030018,209
hygiene articles,soda,0.0010693042839002875,0.07804878048780488,0.8037466637570713,16
hygiene articles,whole milk,0.0017376194613379669,0.12682926829268293,0.8031089045549787,26
whipped/sour cream,soda,0.003408407404932166,0.0779816513761468,0.8030553678880141,51
margarine,whole milk,0.0040767225823698456,0.12655601659751037,0.8013786188525382,61
pastry,tropical fruit,0.002806923745238254,0.05426356589147287,0.8007354402703241,42
citrus fruit,rolls/buns,0.004678206242063757,0.0880503144654088,0.8004233629076014,70
canned beer,tropical fruit,0.0025395976742631824,0.05413105413105413,0.7987800423697861,38
pastry,root vegetables,0.0028737552629820224,0.05555555555555555,0.7985377308143877,43
citrus fruit,tropical fruit,0.0028737552629820224,0.05408805031446541,0.7981454604096114,43
frozen meals,rolls/buns,0.0014702933903628951,0.08764940239043825,0.7967788626780848,22
sausage,root vegetables,0.003341575887188398,0.05537098560354374,0.7958847815425791,50
pastry,whole milk,0.006482657221145492,0.12532299741602068,0.7935708888429613,97
napkins,other vegetables,0.002138608567800575,0.09667673716012085,0.7917755983179465,32
chocolate,yogurt,0.001603956425850431,0.0679886685552408,0.7916843950132826,24
chicken,soda,0.002138608567800575,0.07673860911270983,0.7902545135261371,32
cream cheese ,yogurt,0.001603956425850431,0.06779661016949153,0.7894479984171997,24
chocolate,whole milk,0.0029405867807257902,0.12464589235127478,0.789283320885368,44
salty snack,tropical fruit,0.0010024727661565194,0.05338078291814947,0.7877087325485903,15
waffles,rolls/buns,0.001603956425850431,0.08664259927797834,0.7876264963526063,24
hamburger meat,soda,0.001670787943594199,0.0764525993883792,0.7873091842039354,25
brown bread,soda,0.0028737552629820224,0.0763765541740675,0.7865260702729333,43
rolls/buns,other vegetables,0.010559379803515338,0.0959902794653706,0.7861535586427697,158
other vegetables,rolls/buns,0.010559379803515338,0.08648056923918993,0.7861535586427697,158
curd,yogurt,0.0022722716032881106,0.06746031746031746,0.7855320857266382,34
bottled beer,root vegetables,0.0024727661565194146,0.05457227138643068,0.7844043196495314,37
whipped/sour cream,yogurt,0.0029405867807257902,0.0672782874617737,0.7834124632611049,44
pip fruit,root vegetables,0.0026732607097507185,0.05449591280653951,0.7833067659214703,40
frankfurter,yogurt,0.0025395976742631824,0.06725663716814159,0.783160359491753,38
specialty bar,rolls/buns,0.0012029673193878234,0.0861244019138756,0.7829158115658085,18
domestic eggs,other vegetables,0.003542070440419702,0.09549549549549549,0.7821013131357959,53
long life bakery product,yogurt,0.0012029673193878234,0.06716417910447761,0.7820837447006214,18
root vegetables,soda,0.005279689901757669,0.07588856868395773,0.7815007936807017,79
soda,root vegetables,0.005279689901757669,0.05437026841018582,0.7815007936807017,79
onions,rolls/buns,0.0017376194613379669,0.0858085808580858,0.7800448331588931,26
root vegetables,tropical fruit,0.0036757334759072377,0.052833813640730067,0.7796374294933374,55
tropical fruit,root vegetables,0.0036757334759072377,0.054240631163708086,0.7796374294933373,55
curd,whole milk,0.004143554100113613,0.12301587301587301,0.7789617045859111,62
domestic eggs,root vegetables,0.002004945532313039,0.05405405405405406,0.7769556299815665,30
whipped/sour cream,other vegetables,0.004143554100113613,0.09480122324159021,0.7764152727771836,62
chicken,whole milk,0.003408407404932166,0.1223021582733813,0.774442316650277,51
newspapers,other vegetables,0.0036757334759072377,0.09450171821305842,0.7739623479047582,55
margarine,yogurt,0.002138608567800575,0.06639004149377593,0.7730694092384197,32
dessert,rolls/buns,0.002004945532313039,0.08498583569405099,0.772565649750963,30
yogurt,other vegetables,0.008086613646995923,0.09416342412451362,0.7711917433908578,121
other vegetables,yogurt,0.008086613646995923,0.0662287903667214,0.7711917433908578,121
misc. beverages,rolls/buns,0.0013366303548753592,0.0847457627118644,0.7703832609098585,20
salty snack,soda,0.001403461872619127,0.07473309608540925,0.7696017320894554,21
other vegetables,whole milk,0.014836596939116486,0.12151067323481117,0.7694304712706219,222
whole milk,other vegetables,0.014836596939116486,0.09394837071519255,0.7694304712706218,222
cream cheese ,whole milk,0.0028737552629820224,0.12146892655367232,0.7691661227349129,43
waffles,other vegetables,0.0017376194613379669,0.09386281588447654,0.768729783294703,26
long life bakery product,soda,0.0013366303548753592,0.07462686567164178,0.7685077708498115,20
tropical fruit,whole milk,0.008220276682483459,0.12130177514792899,0.7681076857970638,123
whole milk,tropical fruit,0.008220276682483459,0.052052475666525606,0.7681076857970638,123
ham,other vegetables,0.001603956425850431,0.09375,0.767805829228243,24
UHT-milk,rolls/buns,0.001804450979081735,0.084375,0.767012834143378,27
coffee,yogurt,0.0020717770500568067,0.06553911205073996,0.7631608821908343,31
coffee,whole milk,0.003809396511394774,0.12050739957716702,0.7630775369755185,57
fruit/vegetable juice,root vegetables,0.001804450979081735,0.05304518664047151,0.7624544934691404,27
white bread,root vegetables,0.0012697988371315912,0.052924791086350974,0.7607239664025645,19
soft cheese,whole milk,0.0012029673193878234,0.12,0.7598645789250953,18
tropical fruit,other vegetables,0.006282162667914188,0.09270216962524655,0.7592241730172765,94
other vegetables,tropical fruit,0.006282162667914188,0.051450465243568694,0.7592241730172765,94
soda,whole milk,0.011628684087415625,0.11975223675154852,0.7582956912879478,174
whole milk,soda,0.011628684087415625,0.07363520947947524,0.7582956912879478,174
grapes,rolls/buns,0.0012029673193878234,0.08333333333333333,0.7575435398946941,18
specialty bar,whole milk,0.001670787943594199,0.11961722488038277,0.757440768466004,25
soda,rolls/buns,0.008086613646995923,0.08327598072952512,0.7570221747605617,121
rolls/buns,soda,0.008086613646995923,0.07351154313487242,0.7570221747605617,121
beef,yogurt,0.002205440085544343,0.06496062992125984,0.7564248291920708,33
fruit/vegetable juice,yogurt,0.002205440085544343,0.06483300589390963,0.7549387293311827,33
chicken,yogurt,0.001804450979081735,0.06474820143884892,0.7539512358984408,27
brown bread,whole milk,0.004477711688832453,0.11900532859680284,0.7535661158671015,67
UHT-milk,whole milk,0.0025395976742631824,0.11875,0.7519493228946255,38
sausage,tropical fruit,0.0030742498162133263,0.05094130675526024,0.7517108214782634,46
root vegetables,rolls/buns,0.005747510525964045,0.08261287223823247,0.7509941721146248,86
rolls/buns,root vegetables,0.005747510525964045,0.05224787363304982,0.7509941721146248,86
berries,yogurt,0.001403461872619127,0.06441717791411043,0.7500966794776921,21
onions,soda,0.0014702933903628951,0.07260726072607261,0.7477098707806088,22
bottled water,whole milk,0.007150972398583172,0.11784140969162996,0.7461959429605837,107
chicken,tropical fruit,0.001403461872619127,0.050359712230215826,0.7431285740638259,21
butter,rolls/buns,0.0028737552629820224,0.08159392789373814,0.7417314356464179,43
citrus fruit,other vegetables,0.0048118692775512934,0.09056603773584905,0.7417294048393592,72
beverages,whole milk,0.0019381140145692708,0.11693548387096774,0.7404594351084598,29
cream cheese ,other vegetables,0.002138608567800575,0.0903954802259887,0.7403325509696054,32
bottled water,other vegetables,0.005480184454988973,0.09030837004405286,0.739619124777867,82
curd,rolls/buns,0.0027400922274944863,0.08134920634920635,0.7395067889448206,41
frozen vegetables,soda,0.002004945532313039,0.07159904534606205,0.7373272646339482,30
chocolate,root vegetables,0.0012029673193878234,0.05099150141643059,0.7329354809741123,18
frozen meals,whole milk,0.0019381140145692708,0.11553784860557768,0.7316093223382392,29
bottled water,yogurt,0.003809396511394774,0.06277533039647577,0.7309784192392739,57
onions,yogurt,0.0012697988371315912,0.0627062706270627,0.730174262562443,19
chocolate,soda,0.001670787943594199,0.0708215297450425,0.7293204057639855,25
butter,yogurt,0.002205440085544343,0.06261859582542695,0.7291533457866641,33
chewing gum,other vegetables,0.0010693042839002875,0.08888888888888889,0.7279936751201119,16
citrus fruit,soda,0.003742564993651006,0.07044025157232704,0.7253940015669165,56
ham,soda,0.0012029673193878234,0.0703125,0.7240784153475568,18
brown bread,yogurt,0.0023391031210318785,0.06216696269982238,0.7238943679980095,35
specialty chocolate,rolls/buns,0.0012697988371315912,0.0794979079497908,0.7226775192300848,19
meat,rolls/buns,0.0013366303548753592,0.07936507936507936,0.7214700379949468,20
dessert,other vegetables,0.0020717770500568067,0.08781869688385269,0.7192288787482691,31
cream cheese ,rolls/buns,0.001871282496825503,0.07909604519774012,0.7190243768492014,28
root vegetables,yogurt,0.00427721713560115,0.06147934678194044,0.7158875220997469,64
napkins,soda,0.0015371249081066632,0.06948640483383686,0.7155712839151418,23
waffles,yogurt,0.0011361358016440553,0.061371841155234655,0.7146356880978803,17
napkins,rolls/buns,0.0017376194613379669,0.07854984894259819,0.714059167514032,26
pickled vegetables,whole milk,0.0010024727661565194,0.11194029850746269,0.7088288982510217,15
fruit/vegetable juice,other vegetables,0.0029405867807257902,0.08644400785854617,0.7079702734468671,44
domestic eggs,soda,0.0025395976742631824,0.06846846846846846,0.7050885710211243,38
newspapers,rolls/buns,0.003007418298469558,0.07731958762886598,0.7028754493868298,45
bottled water,rolls/buns,0.004678206242063757,0.07709251101321586,0.7008112043078669,70
canned beer,other vegetables,0.004009891064626078,0.08547008547008547,0.699993918384723,60
sugar,soda,0.0012029673193878234,0.06792452830188679,0.6994870729395266,18
yogurt,soda,0.005814342043707813,0.06770428015564202,0.697218956620008,87
soda,yogurt,0.005814342043707813,0.05987611837577426,0.697218956620008,87
berries,rolls/buns,0.001670787943594199,0.07668711656441718,0.6971259569583076,25
berries,soda,0.0014702933903628951,0.06748466257668712,0.6949573338850443,22
pastry,rolls/buns,0.00394305954688231,0.07622739018087855,0.6929468039346816,59
coffee,rolls/buns,0.0024059346387756467,0.07610993657505286,0.6918790892907144,36
canned beer,soda,0.003141081333957094,0.06695156695156695,0.6894675129361985,47
napkins,whole milk,0.0024059346387756467,0.10876132930513595,0.6886990141315062,36
white wine,whole milk,0.0012697988371315912,0.10857142857142857,0.6874965237893719,19
root vegetables,whole milk,0.00755196150504578,0.10854947166186359,0.6873574881406962,113
ice cream,other vegetables,0.0012697988371315912,0.08370044052863436,0.685500652233145,19
herbs,whole milk,0.0011361358016440553,0.10759493670886076,0.6813131773062563,17
beef,other vegetables,0.002806923745238254,0.08267716535433071,0.6771201013666396,42
coffee,other vegetables,0.0026064291920069507,0.0824524312896406,0.6752795453677571,39
ham,rolls/buns,0.0012697988371315912,0.07421875,0.674687215218712,19
brown bread,other vegetables,0.0030742498162133263,0.08170515097690942,0.6691593727791437,46
bottled beer,soda,0.0029405867807257902,0.06489675516224189,0.6683070526446149,44
butter,other vegetables,0.0028737552629820224,0.08159392789373814,0.6682484636420382,43
whipped/sour cream,whole milk,0.004611374724319989,0.10550458715596331,0.6680766557827673,69
sliced cheese,whole milk,0.0014702933903628951,0.10476190476190476,0.6633738387441308,22
berries,whole milk,0.0022722716032881106,0.10429447852760736,0.660414000088273,34
beverages,rolls/buns,0.0012029673193878234,0.07258064516129033,0.659795986359895,18
white bread,soda,0.0015371249081066632,0.06406685236768803,0.659760710239309,23
butter milk,rolls/buns,0.0012697988371315912,0.07224334600760456,0.6567297608212558,19
salty snack,whole milk,0.0019381140145692708,0.10320284697508897,0.6535015655049752,29
domestic eggs,yogurt,0.0020717770500568067,0.055855855855855854,0.6504055806779542,31
chocolate,other vegetables,0.001871282496825503,0.07932011331444759,0.6496260840306948,28
chicken,other vegetables,0.002205440085544343,0.07913669064748201,0.6481238654396679,33
candy,other vegetables,0.0011361358016440553,0.07906976744186046,0.6475757691475413,17
fruit/vegetable juice,soda,0.002138608567800575,0.06286836935166994,0.647418727191354,32
dessert,whole milk,0.0024059346387756467,0.10198300283286119,0.6457772625425738,36
dessert,soda,0.0014702933903628951,0.06232294617563739,0.6418019570723071,22
cream cheese ,soda,0.0014702933903628951,0.062146892655367235,0.639988957193572,22
misc. beverages,other vegetables,0.0012029673193878234,0.07627118644067797,0.6246555898806045,18
onions,other vegetables,0.0015371249081066632,0.07590759075907591,0.6216777671198975,23
root vegetables,other vegetables,0.005279689901757669,0.07588856868395773,0.6215219776781935,79
newspapers,soda,0.0023391031210318785,0.06013745704467354,0.6192957809769101,35
UHT-milk,yogurt,0.0011361358016440553,0.053125,0.6186065175097276,17
meat,soda,0.0010024727661565194,0.05952380952380952,0.612976436273064,15
whipped/sour cream,rolls/buns,0.0029405867807257902,0.0672782874617737,0.6115947845021384,44
UHT-milk,soda,0.0012697988371315912,0.059375,0.6114439951823814,19
butter milk,whole milk,0.001670787943594199,0.09505703422053231,0.6019206106821097,25
dessert,yogurt,0.0012029673193878234,0.05099150141643059,0.5937632962599618,18
butter milk,other vegetables,0.0012697988371315912,0.07224334600760456,0.5916678633343114,19
sugar,other vegetables,0.0012697988371315912,0.07169811320754717,0.5872024454978261,19
pastry,other vegetables,0.0036757334759072377,0.0710594315245478,0.5819716879593918,55
misc. beverages,whole milk,0.001403461872619127,0.08898305084745763,0.5634589038639478,21
beef,soda,0.001804450979081735,0.0531496062992126,0.5473348651446099,27
specialty chocolate,whole milk,0.0013366303548753592,0.08368200836820083,0.5298916171025769,20
long life bakery product,other vegetables,0.0011361358016440553,0.06343283582089553,0.5195104118161247,17
